1.0,0.7217369082127763,0.773538650135098,0.6263976676871057,0.6892127827254357,0.5743128714146591,0.5917519443239662,0.5220463298560265,0.5230363351819486,0.4378709154125142,0.543622992655225,0.4936866544914962,0.3444109909999796,0.29600391692535033,0.3596191639538421,0.26454324176639255,0.3235796781278388,0.2981402766586351,0.290115365688306,0.20600398797739464,0.22476975349688372,0.23202730065911673,0.33666457161926655,0.2979962501103736,0.39724527970852963,0.35000165722472715,0.3860374235645401,0.36314906695347415,0.40437141726246595,0.39742275070171906,0.38943455395268883,0.3524610427983504,0.5471109313416567,0.4000613091112088,0.4408378028285529,0.3535911363481443,0.3784365919445619,0.3633086674848336,0.26791718291083244,0.25182435609661996,0.2529927084416273,0.30804089339548246,0.30421099599094503,0.30991905990353585,0.3131944315482251,0.30090469914511686,0.19612822789939094,0.23387714521852698
0.7217369082127763,1.0,0.6455989365298077,0.7513896170585923,0.5403084128716776,0.7255792861994801,0.4635210118306433,0.6111156857688477,0.3925170525372731,0.5919740113578059,0.4696473927605559,0.5500255688821176,0.2819497285291402,0.4132448758557198,0.27818209191281273,0.3322282878382192,0.245013156464729,0.36553505090948113,0.2449309191007137,0.26576653338321987,0.17188799134398097,0.2378892381585688,0.29394759256380015,0.32045550045924276,0.332606242723143,0.4348786424678812,0.3067256464510081,0.3653172717904464,0.3397293447176078,0.4424914315629863,0.35003804867908805,0.365661476672146,0.42439166111673343,0.45945473569333894,0.3567426334078969,0.37784281131589287,0.32375080163031505,0.3230422874806873,0.2770590173281319,0.2533879168652763,0.2861602362883955,0.28295682663956734,0.2782392158547578,0.27417491216743783,0.2965631937445285,0.3008847482684581,0.190159999727769,0.20736093837604763
0.773538650135098,0.6455989365298077,1.0,0.6733863095249075,0.5443272603377489,0.45923791335469655,0.7536639244797971,0.5995433123218685,0.408608040694467,0.35319319456198683,0.6713517370854631,0.5453541729660186,0.32721142053539076,0.28963341601582704,0.2753310169494142,0.19270261364915586,0.23963999623557164,0.2318449787370143,0.23551035626310785,0.15298680507349935,0.17283468845597616,0.17167744429352694,0.33243678660020526,0.23574397586023257,0.3906204102215445,0.3764548755093871,0.39725266842741636,0.35334709884438664,0.43011193426712874,0.3925312980275445,0.45128588307034456,0.32940768979022556,0.5617560468183513,0.3920163331446361,0.40849805787390564,0.33815871054014046,0.29897680074250854,0.3129202228890141,0.21455789900519717,0.23175610073427913,0.2180591410745851,0.2636085754042675,0.2969812964116351,0.2645414769089731,0.2914146975437547,0.2807359751251782,0.14566590806907373,0.22502534136682875
0.6263976676871057,0.7513896170585923,0.6733863095249075,1.0,0.4805201511083721,0.5658672366470643,0.6298921008291574,0.7801941446742439,0.3134803392291354,0.44928616002104504,0.5578004861634112,0.6677079498825599,0.25166611815937445,0.3640118263631269,0.19858904767225502,0.2741741050511932,0.1854228437306556,0.2585576267365387,0.18902075785513467,0.1947938300711321,0.16406169375691515,0.20614730317861207,0.2987463426410656,0.2735236965293406,0.3387491502041334,0.41804355157331063,0.3212764620018296,0.4094241719282634,0.36475493831836536,0.49097752731232686,0.410704414090991,0.38694366825008586,0.4441736024290043,0.4705599916905243,0.3625147079030905,0.3439225838576148,0.28208696475708517,0.3212556503766878,0.22803393129970592,0.2514492777481311,0.2354883257579557,0.24666078811870018,0.2429507634863652,0.27664077726000325,0.2851694135257337,0.2840386864997304,0.16954747574695722,0.2030163082436796
0.6892127827254357,0.5403084128716777,0.544327260337749,0.4805201511083721,1.0,0.5871540495563466,0.39247166195163924,0.3984731841740824,0.7019324719761424,0.4971399711420654,0.4167468268765003,0.3821855123870893,0.3903350935780133,0.31105030702236053,0.39883776428426543,0.3277195283153992,0.3951294366176634,0.324981930714893,0.3051540400524848,0.23257202289283335,0.2325124171284676,0.21873663890052858,0.3372402648915545,0.3045122217212105,0.33231431399857725,0.3223601839445601,0.3177210560760353,0.27625130418923494,0.3746692475825728,0.3190095666744374,0.36614327029372856,0.28814865667669454,0.4741262293063228,0.3680985851827508,0.3892769418173322,0.3361577643513257,0.32820196561548776,0.34121013731936445,0.2745599952547563,0.2810123070201116,0.2122532093142549,0.3000886803367001,0.2829302723816449,0.3068016366186485,0.2589532754926125,0.29906152678616915,0.15733935318677444,0.20578888602379158
0.5743128714146591,0.7255792861994801,0.45923791335469655,0.5658672366470642,0.5871540495563466,1.0,0.31113169877805036,0.45411827412648487,0.47189375118800236,0.7007797838232608,0.36834038367178557,0.42520751999144923,0.24814197915365083,0.47935401922988247,0.35116063990397595,0.4763854983088517,0.32212306334866425,0.450085222934618,0.25614653857235326,0.2972754235668163,0.19543370639045193,0.2783269185301781,0.2866975946637006,0.2960175361820161,0.27165084692343433,0.32697893823644253,0.26787954058060165,0.3324140454169432,0.316485470946131,0.39039494774278116,0.30799948186690773,0.3450441088864744,0.3909289859535803,0.4016084124191513,0.356225866825684,0.38909007467847223,0.31604339320920866,0.35530091722683743,0.25261022417693774,0.2956275048471032,0.23751415899139505,0.2824530625806835,0.27864216667383873,0.25376728468640364,0.2511059158383747,0.3100958084226789,0.19384697896403058,0.18770518803182681
0.5917519443239663,0.4635210118306433,0.7536639244797971,0.6298921008291573,0.3924716619516393,0.3111316987780503,1.0,0.6101899917773569,0.3148598763667039,0.252378896673269,0.749455196993285,0.5324427733756886,0.2878811927750454,0.21708519463330475,0.2149011714457939,0.1520525160674518,0.21200588813362703,0.1845545300843357,0.1556039878531975,0.1212594472338707,0.1453228191784937,0.14146038685830387,0.27398230077296787,0.21040687129487895,0.40480922455995416,0.3044085972520659,0.42986558333903113,0.33713039443477566,0.45643450032930655,0.3719299183334869,0.49857133982253354,0.3532802506411744,0.5233323098730541,0.37174871301541434,0.3798947694994077,0.3231754202706636,0.3056337472447004,0.27381500591212526,0.23828388174823772,0.2019693077974917,0.2328666443379714,0.24346921485295386,0.2886761543518802,0.21591200198456015,0.26556828298753576,0.2363484423911943,0.17344075546726756,0.17135609558073117
0.5220463298560265,0.6111156857688477,0.5995433123218685,0.7801941446742439,0.3984731841740823,0.4541182741264848,0.6101899917773568,1.0,0.31227550127119985,0.34192620453184264,0.588668607345304,0.7733926738000163,0.2157378554681147,0.30833211166971985,0.21241574764786372,0.23956957495317854,0.17859721566424158,0.24934928210741736,0.17659811523497188,0.15065907521576422,0.15025974738770068,0.18063976339253457,0.27911147249495627,0.2726183516153748,0.3987008747626808,0.4570534263062035,0.3738517821100842,0.5027476050458172,0.39860669249124714,0.5634349771933989,0.4687313907249778,0.47388237670789046,0.4815229776486929,0.5531328221158358,0.3834233582756709,0.3826949408602812,0.33064639696268683,0.3526223196801177,0.21667348975310852,0.2717698528136931,0.25253005941156925,0.2719167026637163,0.24389982420550377,0.2882558154887736,0.2647410341913602,0.2751413476542339,0.1750956497009259,0.2033917989964545
0.5230363351819486,0.39251705253727304,0.408608040694467,0.3134803392291354,0.7019324719761424,0.47189375118800236,0.3148598763667039,0.31227550127119985,1.0,0.43667372939483945,0.38003951120480506,0.3211623378037489,0.4007236057656465,0.34463153083896203,0.4410410588245246,0.31603728440238743,0.4040120322700871,0.3412835795635202,0.29236846887303536,0.21019808701279502,0.22739363166371,0.2075659418882082,0.30902392822240665,0.2661892540481602,0.30355291354412306,0.3002157680159292,0.3030103046881749,0.2809285433836263,0.34151939330900394,0.3183887779926703,0.33496572608992875,0.2731929097952811,0.3734147573530414,0.3193709076591108,0.34712457042781714,0.31414900535380896,0.24144791937112775,0.2836786243313734,0.24082448831966563,0.22004565852343164,0.20712293563131318,0.24221075942866999,0.22654878756494112,0.2315331834081502,0.19608533884981177,0.22343971174731786,0.1225456120080746,0.15745778676029257
0.4378709154125142,0.5919740113578059,0.3531931945619869,0.44928616002104504,0.49713997114206543,0.7007797838232608,0.25237889667326896,0.34192620453184264,0.4366737293948395,1.0,0.2970049597044455,0.34539980191314745,0.22757356489927552,0.5114816879663522,0.3230580136260076,0.48705146215731826,0.3234503831728946,0.4850120054631115,0.26296120530042216,0.33145856334392493,0.21741365821000108,0.2979521963631944,0.30073992790548376,0.3057404338676999,0.2691202940844102,0.34431607258221253,0.25110051856475063,0.35710471917390163,0.2842863584226517,0.3794098744157959,0.28488454439688016,0.2872686905517838,0.33966588923700247,0.3841340269605742,0.3023207679777012,0.3411700815747505,0.2667105355930171,0.29670270088180006,0.23510208884005743,0.23823104248798155,0.21241013589085336,0.2244184348667761,0.21489968920922436,0.21082805346511943,0.19699960964998192,0.22099671459091458,0.11815073413193236,0.18116003126184904
0.543622992655225,0.4696473927605559,0.6713517370854631,0.557800486163411,0.4167468268765002,0.36834038367178557,0.749455196993285,0.588668607345304,0.38003951120480506,0.2970049597044454,1.0,0.5792906158603309,0.35493701695014024,0.2722000625414065,0.250854753426909,0.174465725208481,0.2223892275598356,0.17462261011648056,0.17229352450599705,0.11250836333345293,0.14707849094600056,0.15803073744945934,0.30191037126848796,0.2556907383973943,0.4559109800285768,0.4113928868373849,0.5401580033032269,0.4096016942974836,0.5272650710459517,0.4374563423178775,0.6132011898434284,0.39200454927953554,0.61757514670598,0.43654574766094195,0.4332694724726993,0.351280162154678,0.33841180423574024,0.2952578099368739,0.2617681279865174,0.24096380468882234,0.23913052087787603,0.2566076217959217,0.32569770712780133,0.242369757323594,0.2747207273937211,0.24765053730127257,0.1906858932144331,0.15809149840797204
0.4936866544914962,0.5500255688821176,0.5453541729660187,0.66770794988256,0.3821855123870893,0.4252075199914493,0.5324427733756885,0.7733926738000162,0.3211623378037489,0.34539980191314745,0.5792906158603309,1.0,0.2234074734823413,0.35208938736942924,0.2341808566022618,0.2609620927656986,0.19955116116234917,0.2657120596747287,0.1865753238659636,0.15693847652772608,0.17397676847065965,0.19801480862515247,0.2933461165931654,0.3486345672882698,0.3956673399362062,0.5471072820372356,0.4081727405632639,0.5459511193081616,0.44039857044917685,0.6349643963311483,0.4954937775045317,0.5756095203525475,0.5130810749779289,0.6209706588072399,0.40070017152583853,0.46172190525247225,0.33102381733076347,0.3850641958335622,0.27227670566281276,0.3002905514700168,0.2683007833044705,0.2919411045493652,0.2678843168915923,0.31589555121372503,0.26039455667326444,0.29987389164960143,0.20053489164063037,0.23440823276605688
0.3444109909999796,0.2819497285291402,0.32721142053539076,0.25166611815937445,0.39033509357801327,0.2481419791536508,0.28788119277504537,0.21573785546811472,0.40072360576564653,0.22757356489927555,0.35493701695014024,0.22340747348234127,1.0,0.2182121241190214,0.3525610368121953,0.1762819582865659,0.1815775210367554,0.13877817833530104,0.14091514046064563,0.09874534817091359,0.143843450206473,0.11743142368968087,0.2623206493303464,0.18440399627844978,0.2846307618029352,0.20842810698049058,0.3027702175641399,0.24205032710223007,0.31554433502115675,0.26141621895133293,0.30379462494933845,0.20270476872621063,0.30990649593286523,0.2677320376384418,0.24709125535150014,0.23516152317220052,0.17564909041654128,0.1915430764047204,0.14269707075754368,0.14151330434384435,0.09032512877003762,0.1300976099120705,0.11553762652330679,0.1418408209239323,0.09669260255477936,0.1372534433361663,0.05261510671234577,0.09996401377671202
0.29600391692535033,0.41324487585571984,0.28963341601582704,0.3640118263631269,0.31105030702236053,0.47935401922988247,0.21708519463330478,0.30833211166971985,0.3446315308389621,0.5114816879663522,0.2722000625414065,0.35208938736942924,0.2182121241190214,1.0,0.2406009128898311,0.3993377983854941,0.18715085624514097,0.30960557900727625,0.15902751647866797,0.17320831946872062,0.12895340914364412,0.1807232067607054,0.17563069071313436,0.206058838925462,0.2077466263833824,0.2691300421549402,0.21816715111307133,0.29978680492131315,0.2743870820814561,0.39417894538555825,0.2561995266937384,0.2598308016067122,0.249161702471457,0.2873870346777145,0.22225486084649076,0.21393878624192963,0.18514305064974887,0.19741369608364462,0.1538393159845888,0.13008055982619968,0.11742470411690004,0.15099938564443005,0.1229041360389839,0.1401386193275131,0.13595950270801666,0.16458385440569295,0.0829042407785559,0.10881315904753118
0.3596191639538421,0.2781820919128127,0.2753310169494142,0.19858904767225505,0.3988377642842654,0.35116063990397595,0.2149011714457939,0.2124157476478637,0.4410410588245246,0.3230580136260076,0.250854753426909,0.2341808566022618,0.3525610368121953,0.2406009128898311,1.0,0.2876378080815962,0.41748644140083097,0.27542995577446006,0.32250671767426276,0.20308434791817181,0.2588716033240691,0.20007509901152237,0.2685469257482862,0.22553800807016758,0.29408463028003284,0.23303316195375995,0.27886852075460233,0.24863244261985315,0.2602718485655415,0.23883330223474014,0.25280062985438356,0.21221112648497636,0.3578621959757966,0.24836565482867534,0.3095800808224982,0.3034779108110295,0.23422472108989928,0.2581891509754296,0.1834495692041846,0.1730317115594599,0.16640826491998373,0.17291126287087805,0.20054296946222078,0.19128121132472076,0.1777270187971262,0.16983461537086691,0.10706327876542943,0.09962763105526189
0.26454324176639255,0.3322282878382192,0.19270261364915586,0.2741741050511932,0.3277195283153992,0.4763854983088517,0.1520525160674518,0.23956957495317854,0.31603728440238743,0.4870514621573183,0.174465725208481,0.26096209276569854,0.1762819582865659,0.3993377983854941,0.2876378080815962,1.0,0.2631958733943538,0.4311763330393319,0.2095512963593067,0.2640219629979653,0.19460397183703423,0.23654366159992046,0.19656603639463793,0.24744937274795603,0.21866502876869193,0.2999712272972358,0.18339445304896723,0.29703020716534057,0.22873975523818704,0.27659072641636007,0.22549814187695422,0.27364897888240725,0.24426789745826485,0.3175416149639792,0.2463525671150702,0.2722280865686564,0.19040230104734446,0.2479381923854945,0.17789309661249353,0.18367779203805357,0.18231732471736373,0.15973962819587118,0.1707126582606544,0.17600219518777704,0.1694061850652202,0.1873681667642027,0.080630109794354,0.08712258383059271
0.32357967812783883,0.24501315646472901,0.23963999623557164,0.18542284373065562,0.3951294366176634,0.32212306334866425,0.21200588813362703,0.1785972156642416,0.40401203227008703,0.3234503831728946,0.2223892275598356,0.19955116116234922,0.1815775210367554,0.187150856245141,0.41748644140083097,0.26319587339435374,1.0,0.3249613059630372,0.4091384887205741,0.2367704640177368,0.2864315327228957,0.22165675458101636,0.29843279025362984,0.22261470034305295,0.2516936761827726,0.270920239029273,0.22945938919976153,0.21633596479738892,0.21772005300200348,0.18174232142066155,0.25505324494621384,0.20374183461541068,0.31686037833206604,0.2838276561608919,0.3247296858090968,0.29293815960298925,0.2555172981175504,0.26850783207632156,0.1860715096626746,0.19651371542330343,0.19550595246267785,0.171821139500405,0.20198726617723883,0.17252343982569723,0.18334962926313975,0.18559733397841904,0.1173693920551725,0.17236446340488137
0.29814027665863513,0.36553505090948113,0.2318449787370143,0.2585576267365387,0.324981930714893,0.450085222934618,0.1845545300843357,0.2493492821074173,0.3412835795635202,0.4850120054631115,0.17462261011648056,0.2657120596747287,0.13877817833530107,0.30960557900727625,0.27542995577446006,0.4311763330393319,0.3249613059630372,1.0,0.2849416993178507,0.4160286260919758,0.22244653671016906,0.37675277655755735,0.26445931790765737,0.26945675705141836,0.22141162443112578,0.3266955876548773,0.1826293502964768,0.30370652382223473,0.1896796945668478,0.2590234671151166,0.21424665264256804,0.25083931265812937,0.28113108776842755,0.302901542743954,0.24764133437086788,0.3369439968558452,0.22328111413603907,0.27165663894579173,0.1759938736924332,0.1976840696876993,0.16816559593547908,0.1912454664511143,0.1780652881758203,0.2005691651105151,0.1779192287748995,0.22342831607220046,0.11346466067054942,0.15337624204977424
0.290115365688306,0.2449309191007137,0.23551035626310785,0.18902075785513467,0.3051540400524848,0.25614653857235326,0.15560398785319754,0.17659811523497188,0.29236846887303536,0.2629612053004221,0.17229352450599705,0.18657532386596362,0.14091514046064563,0.15902751647866797,0.32250671767426276,0.2095512963593067,0.4091384887205741,0.2849416993178506,1.0,0.246434908970969,0.36667120991438534,0.27520591566957153,0.2850549201874437,0.2116971869058935,0.24065257433838436,0.24148082506417626,0.196092926916331,0.2168649699924395,0.18480111419791806,0.1972900453986191,0.1770287061442926,0.1799321605979241,0.2780772148247864,0.2566506161103329,0.29914068550970047,0.27220838601026,0.22564148836284809,0.23191769090988396,0.1797331397501064,0.18694822542084866,0.16126701802935395,0.16765860510150576,0.19377013191362327,0.15117011245102463,0.20483006762862482,0.1442050030761053,0.11626991173972637,0.12223264923077096
0.20600398797739464,0.26576653338321987,0.15298680507349935,0.1947938300711321,0.23257202289283338,0.29727542356681624,0.12125944723387072,0.15065907521576422,0.21019808701279502,0.331458563343925,0.11250836333345293,0.15693847652772608,0.0987453481709136,0.17320831946872062,0.20308434791817181,0.2640219629979653,0.2367704640177368,0.4160286260919758,0.24643490897096904,1.0,0.1953229662016586,0.34204557469359564,0.19378764590145953,0.20774671691951183,0.17091477866280255,0.2521739408920358,0.14163376132262936,0.2067659828940081,0.15031748472100231,0.1789313713179374,0.1341159039832684,0.20079731888858582,0.20024453295964414,0.23298048806513413,0.19883193933176846,0.23434675243322634,0.1903081698879085,0.19564613507693202,0.09955911735907896,0.13425810277565975,0.11227951339726949,0.1619047004291267,0.1401102881739008,0.12991744417653467,0.1297349899960104,0.1478763510638721,0.10824740562631699,0.11716771728746198
0.22476975349688372,0.17188799134398097,0.17283468845597616,0.16406169375691512,0.2325124171284676,0.19543370639045188,0.14532281917849374,0.15025974738770068,0.22739363166371,0.2174136582100011,0.1470784909460005,0.17397676847065965,0.143843450206473,0.12895340914364412,0.2588716033240691,0.19460397183703426,0.2864315327228957,0.22244653671016906,0.3666712099143854,0.19532296620165857,1.0,0.2215513070325063,0.24722827553972554,0.19598380913947377,0.19830894831066093,0.20036507620580948,0.1672515512689705,0.16559585894106255,0.17411161602774047,0.16862990504552777,0.19167131892009107,0.17564482908743212,0.25975239870858896,0.23034788457949382,0.25208279612570333,0.2552571797191002,0.2138162022092589,0.24324925054521665,0.1731439521274424,0.18466372117031166,0.16016495598845604,0.17064602828523884,0.17861424086077227,0.15069821537367867,0.18934278555419629,0.16062952140758513,0.11757993428193332,0.1320056822141708
0.23202730065911673,0.2378892381585688,0.17167744429352694,0.20614730317861207,0.21873663890052858,0.2783269185301781,0.14146038685830387,0.18063976339253457,0.2075659418882082,0.2979521963631944,0.15803073744945934,0.19801480862515247,0.11743142368968087,0.1807232067607054,0.20007509901152237,0.23654366159992046,0.22165675458101636,0.37675277655755735,0.27520591566957153,0.34204557469359564,0.2215513070325063,1.0,0.1839523986470897,0.2537175908288278,0.18546732698961294,0.24762548071441892,0.14780820603469014,0.2231146344093076,0.15851665465427348,0.19736668991521117,0.17211809139057238,0.22206744408399684,0.24173352038913715,0.24322533533895813,0.1986491668713698,0.2692788436986093,0.23641715061209417,0.23600658552835863,0.15549066747926396,0.151640582005169,0.13311513050643217,0.15248599053178102,0.16479307890290104,0.12308940434224877,0.17338586281755242,0.13954351577980822,0.11418824278386105,0.11112763220952618
0.33666457161926655,0.29394759256380015,0.33243678660020526,0.2987463426410656,0.33724026489155456,0.28669759466370065,0.2739823007729678,0.27911147249495627,0.3090239282224067,0.30073992790548376,0.30191037126848796,0.2933461165931654,0.2623206493303463,0.17563069071313436,0.26854692574828615,0.19656603639463793,0.29843279025362984,0.26445931790765737,0.2850549201874437,0.19378764590145953,0.24722827553972554,0.1839523986470897,1.0,0.44174936280406435,0.5410766201653743,0.47340562021999577,0.42398096678764485,0.3873755880972673,0.3888095945581626,0.3588456199089678,0.40358961722157183,0.3782721963200267,0.4377208579325008,0.3907746262341653,0.5110150895209614,0.4626542919360187,0.42516188123706217,0.37028546575677945,0.31487886802849263,0.32416965645857043,0.31998883021394825,0.34898919047394794,0.3746170772920931,0.29116586839968356,0.36277904751009515,0.33783935330119363,0.26959067516341945,0.258069583830337
0.29799625011037356,0.32045550045924276,0.23574397586023255,0.2735236965293406,0.30451222172121045,0.2960175361820161,0.21040687129487895,0.27261835161537473,0.2661892540481602,0.30574043386769995,0.25569073839739426,0.3486345672882698,0.18440399627844978,0.206058838925462,0.22553800807016755,0.24744937274795603,0.22261470034305292,0.26945675705141836,0.2116971869058935,0.20774671691951183,0.19598380913947377,0.2537175908288278,0.4417493628040644,1.0,0.42230292474896325,0.6220370826814083,0.32574334584694253,0.4521442735120347,0.31293559274540833,0.40242961314281245,0.3296067587065409,0.4098181946431255,0.35516480105709264,0.436814762881626,0.4649866941208821,0.49341851364361844,0.3552175879648411,0.38444288318484715,0.2932081907594142,0.31007463952809505,0.26197344503720127,0.33411992249171096,0.27567004238890436,0.3184360133572827,0.3376668189374478,0.34489008764372203,0.22299926410733828,0.2619445616065844
0.39724527970852963,0.332606242723143,0.3906204102215444,0.33874915020413343,0.3323143139985773,0.27165084692343433,0.4048092245599542,0.3987008747626808,0.30355291354412306,0.2691202940844102,0.4559109800285768,0.3956673399362062,0.2846307618029352,0.2077466263833824,0.2940846302800328,0.21866502876869193,0.2516936761827726,0.22141162443112578,0.24065257433838436,0.17091477866280255,0.19830894831066093,0.18546732698961294,0.5410766201653743,0.4223029247489633,1.0,0.5416835439005487,0.6469445898424049,0.4801161420287951,0.5038856231424211,0.42067291357228753,0.5627949642957123,0.43993513910941057,0.5422609034498289,0.4686485593418785,0.538357590398046,0.466023649010289,0.4306957713450894,0.37557908733339174,0.321805281654467,0.3257400838766069,0.3216209759988039,0.28438639161036927,0.3317902642831392,0.30489997567059773,0.36850537355375623,0.3320326234974103,0.22485296031537996,0.2566271243357053
0.3500016572247271,0.4348786424678812,0.3764548755093871,0.41804355157331063,0.3223601839445601,0.32697893823644253,0.3044085972520659,0.4570534263062035,0.3002157680159292,0.34431607258221253,0.41139288683738484,0.5471072820372356,0.20842810698049058,0.2691300421549402,0.23303316195375998,0.2999712272972358,0.270920239029273,0.3266955876548773,0.24148082506417626,0.2521739408920358,0.20036507620580948,0.24762548071441895,0.47340562021999577,0.6220370826814083,0.5416835439005487,1.0,0.460556004655693,0.6414559127083772,0.37392999642253155,0.568267240410794,0.46687100403211435,0.5633079088914448,0.47023812446354707,0.5844445672591863,0.4958642896044675,0.5679003880778103,0.4227957632016486,0.4912077394656664,0.3719933712948821,0.40348831816920505,0.3532605047373305,0.43296208849015716,0.3654146011474454,0.3983443854649973,0.3541828834341455,0.4449037996916208,0.23597100445774402,0.34633378632382816
0.3860374235645401,0.3067256464510081,0.39725266842741647,0.3212764620018295,0.3177210560760353,0.2678795405806017,0.42986558333903113,0.3738517821100842,0.3030103046881749,0.25110051856475063,0.5401580033032269,0.40817274056326397,0.3027702175641399,0.21816715111307133,0.2788685207546023,0.1833944530489672,0.22945938919976155,0.1826293502964768,0.196092926916331,0.14163376132262936,0.1672515512689705,0.14780820603469014,0.42398096678764485,0.3257433458469425,0.6469445898424049,0.460556004655693,1.0,0.43888126770108393,0.5892922344161553,0.43516464855768655,0.5669819977721886,0.4129856396443975,0.4997543157723922,0.37208967055769315,0.4411982140151577,0.3666011114930493,0.3555788734207068,0.3498153628920667,0.29139042188702446,0.2486065000173766,0.23460209819059236,0.2755695287354171,0.3037301248547889,0.2492166368682426,0.29700656626055866,0.2681865012205924,0.1931113004499399,0.20587415307069018
0.36314906695347415,0.3653172717904464,0.35334709884438664,0.40942417192826336,0.27625130418923494,0.3324140454169432,0.3371303944347757,0.5027476050458172,0.2809285433836262,0.35710471917390163,0.4096016942974836,0.5459511193081616,0.24205032710223007,0.29978680492131315,0.24863244261985315,0.29703020716534057,0.21633596479738895,0.30370652382223473,0.21686496999243954,0.2067659828940081,0.16559585894106255,0.2231146344093076,0.38737558809726724,0.4521442735120347,0.48011614202879505,0.6414559127083772,0.43888126770108393,1.0,0.4263346703876211,0.6710823919905345,0.48106551485856475,0.6217308499179766,0.46013297191424074,0.5356366462339739,0.4725353083491973,0.4936653372939792,0.37231943358171665,0.43877309742189485,0.3060957445378498,0.3694361057244042,0.3001002546660349,0.32452864018354943,0.34216808558856426,0.3130309881045593,0.33012000722516743,0.3379916056826152,0.20105141855978292,0.2122709732695694
0.404371417262466,0.3397293447176078,0.4301119342671288,0.36475493831836536,0.3746692475825728,0.31648547094613094,0.45643450032930644,0.3986066924912471,0.34151939330900394,0.2842863584226517,0.5272650710459517,0.44039857044917685,0.31554433502115675,0.2743870820814561,0.2602718485655415,0.22873975523818707,0.21772005300200348,0.1896796945668478,0.18480111419791806,0.15031748472100231,0.17411161602774045,0.15851665465427345,0.38880959455816266,0.3129355927454084,0.503885623142421,0.37392999642253155,0.5892922344161552,0.426334670387621,1.0,0.4805065840533621,0.5080290124023683,0.3560540712689932,0.4651208573510415,0.3778798514299675,0.44036167238303936,0.3801774744237182,0.3302470939658242,0.31995900348131534,0.23490849408860892,0.24767769097315917,0.20891756872459008,0.26884449667757065,0.26834357505382855,0.24326286561395888,0.27944010482508513,0.2653830222094187,0.12748823294038536,0.15975511074436022
0.39742275070171906,0.4424914315629863,0.3925312980275445,0.4909775273123268,0.3190095666744374,0.39039494774278116,0.3719299183334869,0.5634349771933989,0.3183887779926703,0.3794098744157958,0.43745634231787756,0.6349643963311484,0.26141621895133293,0.3941789453855583,0.23883330223474014,0.2765907264163601,0.18174232142066155,0.25902346711511653,0.19729004539861908,0.1789313713179374,0.1686299050455278,0.19736668991521117,0.3588456199089678,0.40242961314281245,0.4206729135722876,0.568267240410794,0.43516464855768655,0.6710823919905345,0.4805065840533621,1.0,0.5144756948810962,0.6093885894898661,0.40554400565909615,0.5009830827431996,0.40888388185094093,0.46044346625736643,0.31232930012526805,0.42887514995089426,0.2339404306669292,0.2898418579023342,0.24066831710130773,0.27127782052319593,0.2673345248060842,0.2600334772471798,0.2837165613136974,0.28526625172157105,0.12442000272851411,0.18831866453126206
0.38943455395268883,0.35003804867908805,0.45128588307034456,0.41070441409099107,0.3661432702937285,0.30799948186690773,0.49857133982253354,0.4687313907249778,0.33496572608992875,0.28488454439688016,0.6132011898434283,0.4954937775045317,0.30379462494933845,0.25619952669373847,0.25280062985438356,0.22549814187695422,0.25505324494621384,0.21424665264256804,0.1770287061442926,0.1341159039832684,0.19167131892009107,0.17211809139057238,0.40358961722157183,0.32960675870654094,0.5627949642957123,0.46687100403211435,0.5669819977721886,0.48106551485856475,0.5080290124023683,0.5144756948810962,1.0,0.4921747122333514,0.5825476144541705,0.4506781394305208,0.5627720639875735,0.46753507286742585,0.4450208815672047,0.400886829574015,0.34004488549311984,0.30283202494179784,0.35956775955351455,0.3157171368581756,0.3704910723220475,0.3266194705935588,0.3366082705805721,0.3279140309991614,0.2949133145217244,0.2490610135060169
0.35246104279835044,0.365661476672146,0.32940768979022556,0.38694366825008586,0.28814865667669454,0.34504410888647447,0.3532802506411744,0.4738823767078905,0.2731929097952811,0.2872686905517838,0.39200454927953554,0.5756095203525475,0.20270476872621057,0.25983080160671224,0.2122111264849764,0.27364897888240725,0.20374183461541068,0.25083931265812937,0.1799321605979241,0.20079731888858582,0.17564482908743212,0.22206744408399684,0.37827219632002673,0.40981819464312547,0.4399351391094105,0.5633079088914448,0.4129856396443975,0.6217308499179764,0.3560540712689932,0.6093885894898661,0.4921747122333514,1.0,0.41827966276362194,0.6584633324753184,0.49879327919253275,0.6106700050048819,0.4200846168075067,0.47764010270391344,0.32038872267359814,0.43353816343166773,0.33138691248929986,0.3570970870688076,0.34051096981336376,0.37816662315700866,0.3337289973369304,0.3565485455922327,0.2311523162515448,0.28121298446327603
0.5471109313416567,0.42439166111673343,0.5617560468183515,0.4441736024290043,0.47412622930632287,0.39092898595358033,0.5233323098730541,0.4815229776486929,0.3734147573530414,0.33966588923700247,0.61757514670598,0.5130810749779288,0.30990649593286523,0.24916170247145702,0.35786219597579666,0.24426789745826488,0.3168603783320661,0.28113108776842755,0.2780772148247864,0.20024453295964417,0.2597523987085889,0.24173352038913715,0.4377208579325008,0.3551648010570927,0.5422609034498289,0.47023812446354707,0.49975431577239215,0.46013297191424074,0.4651208573510415,0.40554400565909615,0.5825476144541704,0.41827966276362194,1.0,0.573521538484358,0.6691396769814691,0.5141687852603435,0.5025905991607346,0.437248022629979,0.35978226368212923,0.3678501657880543,0.3688872655166519,0.3561388560402351,0.3888205970169347,0.3545204379269815,0.3829059655566906,0.33683325299390454,0.26148766683249297,0.2668997685454487
0.40006130911120885,0.459454735693339,0.392016333144636,0.4705599916905243,0.36809858518275074,0.40160841241915135,0.37174871301541434,0.5531328221158358,0.3193709076591108,0.38413402696057425,0.43654574766094195,0.6209706588072399,0.2677320376384418,0.2873870346777145,0.24836565482867537,0.31754161496397926,0.2838276561608919,0.3029015427439539,0.2566506161103329,0.23298048806513413,0.23034788457949384,0.24322533533895813,0.39077462623416526,0.436814762881626,0.46864855934187855,0.5844445672591863,0.37208967055769315,0.5356366462339739,0.3778798514299675,0.5009830827431995,0.45067813943052076,0.6584633324753184,0.573521538484358,1.0,0.5323238138948048,0.6546489572951242,0.49946474127048257,0.5273803010921001,0.38556394577693387,0.450409266296649,0.34897579338842244,0.403564880980282,0.35748513823903083,0.405463618303072,0.34656841820979883,0.3674357380531014,0.27475844976960284,0.29514706248080147
0.4408378028285529,0.35674263340789686,0.4084980578739056,0.3625147079030905,0.3892769418173322,0.356225866825684,0.3798947694994077,0.3834233582756709,0.34712457042781714,0.30232076797770124,0.4332694724726993,0.4007001715258385,0.24709125535150017,0.2222548608464907,0.3095800808224982,0.24635256711507017,0.3247296858090968,0.24764133437086788,0.2991406855097005,0.19883193933176843,0.25208279612570333,0.1986491668713698,0.5110150895209614,0.46498669412088206,0.5383575903980461,0.4958642896044675,0.44119821401515763,0.4725353083491973,0.44036167238303925,0.40888388185094093,0.5627720639875737,0.49879327919253275,0.6691396769814691,0.5323238138948048,1.0,0.6751959259828031,0.7208638103488838,0.5959211901737524,0.5852265743759957,0.5332243230627469,0.5288827719397728,0.4955587690095085,0.535306774552188,0.4620830957832691,0.560038288607189,0.5036246937804303,0.4372337798689623,0.3555582059527293
0.3535911363481444,0.3778428113158928,0.3381587105401405,0.3439225838576148,0.3361577643513257,0.38909007467847223,0.3231754202706636,0.3826949408602811,0.31414900535380896,0.3411700815747505,0.351280162154678,0.46172190525247225,0.2351615231722005,0.21393878624192963,0.3034779108110295,0.2722280865686564,0.29293815960298925,0.3369439968558452,0.27220838601026,0.23434675243322634,0.2552571797191002,0.2692788436986094,0.4626542919360187,0.49341851364361844,0.466023649010289,0.5679003880778104,0.36660111149304925,0.4936653372939792,0.3801774744237182,0.46044346625736643,0.4675350728674259,0.6106700050048819,0.5141687852603435,0.6546489572951242,0.6751959259828032,1.0,0.6491721561979911,0.7350209001359962,0.5367873564019279,0.6440692042261902,0.4957334574754483,0.5492441735052,0.509829210603999,0.5483236445419479,0.4509561922405362,0.5256723896973634,0.38878725310096773,0.4535266459941208
0.3784365919445619,0.32375080163031505,0.2989768007425086,0.2820869647570851,0.32820196561548776,0.3160433932092086,0.3056337472447004,0.3306463969626868,0.24144791937112778,0.26671053559301716,0.33841180423574024,0.33102381733076347,0.17564909041654128,0.18514305064974884,0.23422472108989928,0.19040230104734446,0.2555172981175504,0.22328111413603907,0.22564148836284809,0.19030816988790847,0.2138162022092589,0.23641715061209423,0.4251618812370621,0.3552175879648411,0.4306957713450894,0.4227957632016486,0.3555788734207068,0.37231943358171665,0.3302470939658242,0.31232930012526805,0.44502088156720476,0.42008461680750664,0.5025905991607346,0.49946474127048257,0.7208638103488838,0.6491721561979911,1.0,0.6786098608241957,0.6913102915355386,0.6094583989278455,0.6094680468782103,0.5596607247221383,0.5790308685769732,0.521268599279423,0.5893044073450493,0.5699474347914812,0.49592986363939795,0.4369431955124748
0.3633086674848336,0.3230422874806873,0.3129202228890141,0.3212556503766879,0.34121013731936445,0.35530091722683743,0.27381500591212526,0.3526223196801177,0.2836786243313735,0.29670270088180006,0.29525780993687395,0.3850641958335622,0.1915430764047204,0.19741369608364462,0.2581891509754296,0.24793819238549453,0.26850783207632156,0.2716566389457918,0.23191769090988398,0.195646135076932,0.24324925054521665,0.23600658552835863,0.37028546575677945,0.38444288318484715,0.37557908733339174,0.4912077394656664,0.3498153628920667,0.43877309742189485,0.31995900348131534,0.42887514995089426,0.400886829574015,0.47764010270391344,0.437248022629979,0.5273803010921,0.5959211901737523,0.7350209001359962,0.6786098608241957,1.0,0.5945279210896761,0.7095783237581772,0.5301443826890964,0.6285038498321562,0.5026602500419575,0.5580723665801353,0.502097445663195,0.5840216222365475,0.4558464039831781,0.5092178603714953
0.26791718291083244,0.2770590173281319,0.21455789900519717,0.22803393129970592,0.2745599952547563,0.25261022417693774,0.23828388174823772,0.21667348975310854,0.24082448831966563,0.23510208884005745,0.2617681279865174,0.2722767056628128,0.14269707075754368,0.15383931598458878,0.1834495692041846,0.17789309661249356,0.1860715096626746,0.17599387369243322,0.1797331397501064,0.09955911735907896,0.1731439521274424,0.15549066747926393,0.3148788680284926,0.2932081907594141,0.321805281654467,0.3719933712948821,0.29139042188702446,0.3060957445378498,0.23490849408860892,0.2339404306669292,0.34004488549311984,0.32038872267359814,0.35978226368212923,0.38556394577693387,0.5852265743759957,0.5367873564019279,0.6913102915355387,0.5945279210896761,1.0,0.6334942479475707,0.6206323251532684,0.5847370208301352,0.5962120097207833,0.503205044032137,0.5434745003870571,0.5182421728916673,0.5879783523673205,0.46488239907215634
0.25182435609662,0.2533879168652763,0.2317561007342791,0.2514492777481311,0.2810123070201116,0.2956275048471032,0.20196930779749173,0.27176985281369315,0.22004565852343164,0.23823104248798155,0.24096380468882234,0.3002905514700168,0.14151330434384435,0.13008055982619965,0.17303171155945984,0.18367779203805357,0.19651371542330343,0.19768406968769928,0.18694822542084866,0.13425810277565972,0.18466372117031166,0.151640582005169,0.32416965645857043,0.310074639528095,0.3257400838766069,0.40348831816920505,0.2486065000173766,0.3694361057244042,0.2476776909731592,0.2898418579023342,0.30283202494179784,0.43353816343166773,0.3678501657880543,0.450409266296649,0.5332243230627469,0.6440692042261902,0.6094583989278455,0.7095783237581772,0.6334942479475707,1.0,0.5365679115434074,0.6728634764186598,0.51759339718658,0.5831954488335165,0.5122432261974272,0.6149173613306054,0.49505407583015926,0.577212223415227
0.2529927084416273,0.28616023628839543,0.21805914107458513,0.2354883257579557,0.2122532093142549,0.23751415899139505,0.2328666443379714,0.25253005941156925,0.20712293563131318,0.2124101358908534,0.23913052087787606,0.26830078330447044,0.09032512877003764,0.11742470411690005,0.16640826491998376,0.18231732471736373,0.19550595246267782,0.16816559593547908,0.16126701802935395,0.11227951339726949,0.16016495598845604,0.13311513050643217,0.3199888302139482,0.26197344503720127,0.3216209759988039,0.3532605047373305,0.23460209819059236,0.30010025466603485,0.20891756872459008,0.24066831710130773,0.35956775955351455,0.33138691248929986,0.3688872655166519,0.34897579338842244,0.5288827719397728,0.4957334574754483,0.6094680468782103,0.5301443826890962,0.6206323251532684,0.5365679115434074,1.0,0.6247535122496268,0.6839745920482632,0.5043887744018257,0.5001874691468835,0.5349814006971185,0.6704293785757561,0.530094957130355
0.30804089339548235,0.28295682663956734,0.2636085754042675,0.24666078811870018,0.3000886803367001,0.2824530625806835,0.24346921485295384,0.2719167026637163,0.24221075942867004,0.2244184348667761,0.2566076217959217,0.2919411045493652,0.1300976099120705,0.15099938564443005,0.17291126287087805,0.15973962819587118,0.17182113950040503,0.1912454664511143,0.16765860510150574,0.1619047004291267,0.1706460282852388,0.15248599053178102,0.34898919047394794,0.33411992249171096,0.28438639161036927,0.43296208849015716,0.2755695287354171,0.3245286401835494,0.26884449667757065,0.27127782052319593,0.3157171368581756,0.3570970870688076,0.3561388560402351,0.403564880980282,0.49555876900950846,0.5492441735052,0.5596607247221385,0.6285038498321562,0.5847370208301351,0.6728634764186598,0.6247535122496269,1.0,0.5425623029710569,0.6883468390317816,0.4908411341870525,0.6705143588364875,0.5178675522221752,0.6944935032479254
0.30421099599094503,0.2782392158547578,0.29698129641163507,0.2429507634863652,0.2829302723816449,0.27864216667383873,0.2886761543518802,0.2438998242055038,0.22654878756494112,0.21489968920922436,0.32569770712780133,0.26788431689159226,0.11553762652330679,0.12290413603898391,0.20054296946222078,0.1707126582606544,0.20198726617723883,0.1780652881758203,0.19377013191362327,0.1401102881739008,0.17861424086077227,0.164793078902901,0.3746170772920931,0.27567004238890436,0.3317902642831392,0.3654146011474454,0.3037301248547889,0.34216808558856426,0.26834357505382855,0.2673345248060842,0.3704910723220475,0.34051096981336376,0.3888205970169347,0.35748513823903083,0.5353067745521881,0.509829210603999,0.5790308685769733,0.5026602500419575,0.5962120097207834,0.51759339718658,0.6839745920482632,0.5425623029710567,1.0,0.5235421941683316,0.6101346859654427,0.5326099220379052,0.5013034474548795,0.4204206289962653
0.3099190599035359,0.27417491216743783,0.26454147690897317,0.27664077726000325,0.3068016366186485,0.25376728468640364,0.21591200198456015,0.2882558154887736,0.2315331834081502,0.21082805346511946,0.242369757323594,0.31589555121372503,0.14184082092393235,0.14013861932751312,0.19128121132472076,0.17600219518777704,0.17252343982569726,0.2005691651105151,0.15117011245102463,0.12991744417653467,0.1506982153736787,0.12308940434224876,0.2911658683996836,0.3184360133572827,0.3048999756705977,0.3983443854649973,0.24921663686824258,0.3130309881045593,0.2432628656139589,0.26003347724717985,0.3266194705935587,0.3781666231570086,0.3545204379269814,0.405463618303072,0.4620830957832691,0.5483236445419479,0.521268599279423,0.5580723665801353,0.503205044032137,0.5831954488335165,0.5043887744018257,0.6883468390317817,0.5235421941683316,1.0,0.4852073730497603,0.7044720097222994,0.4182870241876617,0.5346518738137227
0.3131944315482251,0.2965631937445285,0.2914146975437547,0.2851694135257338,0.2589532754926125,0.2511059158383747,0.26556828298753576,0.2647410341913602,0.19608533884981177,0.19699960964998192,0.2747207273937211,0.2603945566732645,0.09669260255477936,0.13595950270801666,0.17772701879712624,0.1694061850652202,0.18334962926313975,0.1779192287748995,0.20483006762862482,0.1297349899960104,0.18934278555419629,0.17338586281755242,0.36277904751009515,0.3376668189374478,0.36850537355375623,0.3541828834341455,0.29700656626055866,0.33012000722516743,0.27944010482508513,0.2837165613136974,0.3366082705805721,0.33372899733693034,0.38290596555669054,0.3465684182097989,0.560038288607189,0.4509561922405362,0.5893044073450492,0.502097445663195,0.5434745003870571,0.5122432261974272,0.5001874691468834,0.4908411341870525,0.6101346859654428,0.4852073730497603,1.0,0.5259018846722108,0.3710724637603498,0.3822610897668527
0.3009046991451168,0.3008847482684581,0.2807359751251782,0.28403868649973046,0.29906152678616915,0.3100958084226789,0.2363484423911943,0.2751413476542339,0.22343971174731786,0.22099671459091458,0.24765053730127257,0.29987389164960143,0.1372534433361663,0.16458385440569295,0.16983461537086691,0.18736816676420273,0.18559733397841904,0.22342831607220048,0.1442050030761053,0.1478763510638721,0.16062952140758513,0.13954351577980822,0.33783935330119363,0.344890087643722,0.3320326234974103,0.44490379969162075,0.2681865012205924,0.33799160568261516,0.2653830222094187,0.28526625172157105,0.3279140309991614,0.3565485455922327,0.33683325299390454,0.3674357380531014,0.5036246937804303,0.5256723896973633,0.5699474347914812,0.5840216222365475,0.5182421728916673,0.6149173613306054,0.5349814006971185,0.6705143588364876,0.5326099220379052,0.7044720097222994,0.5259018846722108,1.0,0.4233911262727213,0.5244383257738623
0.19612822789939094,0.19015999972776898,0.14566590806907373,0.16954747574695722,0.15733935318677447,0.19384697896403058,0.17344075546726756,0.1750956497009259,0.1225456120080746,0.11815073413193236,0.1906858932144331,0.20053489164063037,0.05261510671234576,0.0829042407785559,0.10706327876542943,0.080630109794354,0.1173693920551725,0.11346466067054943,0.1162699117397264,0.10824740562631699,0.11757993428193332,0.11418824278386105,0.26959067516341945,0.22299926410733828,0.22485296031537996,0.23597100445774405,0.1931113004499399,0.2010514185597829,0.12748823294038536,0.12442000272851411,0.29491331452172437,0.23115231625154478,0.26148766683249297,0.27475844976960284,0.4372337798689623,0.38878725310096773,0.49592986363939784,0.4558464039831781,0.5879783523673205,0.49505407583015926,0.6704293785757561,0.5178675522221752,0.5013034474548795,0.4182870241876617,0.37107246376034986,0.4233911262727213,1.0,0.5327017783523496
0.23387714521852698,0.20736093837604763,0.22502534136682878,0.2030163082436796,0.20578888602379158,0.18770518803182681,0.17135609558073117,0.2033917989964545,0.15745778676029254,0.18116003126184904,0.15809149840797204,0.23440823276605688,0.09996401377671202,0.10881315904753117,0.09962763105526187,0.08712258383059271,0.17236446340488137,0.15337624204977424,0.12223264923077098,0.11716771728746198,0.1320056822141708,0.11112763220952618,0.25806958383033696,0.26194456160658436,0.2566271243357053,0.34633378632382816,0.20587415307069018,0.2122709732695694,0.1597551107443602,0.18831866453126206,0.2490610135060169,0.281212984463276,0.2668997685454487,0.2951470624808015,0.35555820595272924,0.45352664599412085,0.43694319551247474,0.5092178603714953,0.46488239907215634,0.577212223415227,0.530094957130355,0.6944935032479255,0.4204206289962653,0.5346518738137227,0.3822610897668527,0.5244383257738623,0.5327017783523494,1.0
